date,AAPL,JNJ,XOM,JPM,TSLA,PG,CSCO,KO,DIS,WMT,NKE,BA
2011-02-01,0.040822334528724004,0.027828041176119624,0.06000179063837233,0.040022216176805604,-0.00882622712408273,0.006024169608738008,-0.12257104459990915,0.016912513114886875,0.12517700486505604,-0.07305749970127136,0.07930064780291461,0.036301232854254274
2011-03-01,-0.013381570943545765,-0.02699832799458292,-0.011259556735300338,-0.012712073933576887,0.16149866410038782,-0.02307264299790303,-0.07604471175699136,0.03778464256232526,-0.014935606926486336,0.0012716536329771967,-0.1497996083479406,0.03255300773209578
2011-04-01,0.00461475514976582,0.10916487004275775,0.04572904194951165,-0.01022858185085586,-0.005438733513335364,0.05353804901908053,0.025119246252866528,0.024222977734341993,0.00019882469690411556,0.06366263440366025,0.09124670866067751,0.07909528661107755
2011-05-01,-0.006601575962199807,0.023856135716315934,-0.05129520870620098,-0.047271886548551426,0.09199539429161795,0.04088577699534311,-0.04112943003329185,-0.009668815442222993,-0.03414002492255254,0.00433198383070153,0.025841112299844187,-0.02196896104883674
2011-06-01,-0.034972651059113034,-0.002881748599707432,-0.019521731822840747,-0.05320411217176698,-0.03352255896798891,-0.05120661722284966,-0.07084563987124377,0.007171933584893466,-0.06222744006378519,-0.03131294435473327,0.06547026384968761,-0.04755245716186248
2011-07-01,0.16321016027930957,-0.026082147836303818,-0.01961318912723277,-0.012043962643387265,-0.03303072062772773,-0.03279514597467338,0.022986796289400244,0.017942147939944517,-0.01083312265744131,-0.008166887766071121,0.005609036851972214,-0.04687627781405636
2011-08-01,-0.014481699223477161,0.015576493697875095,-0.07232726017801745,-0.06575325331579614,-0.12177342558176725,0.044087228171826344,-0.015071255967281393,0.035864613051162876,-0.11808593719967571,0.009094289647944488,-0.03883656388668196,-0.05123978182159202
2011-09-01,-0.009128725303944683,-0.023452058406158025,-0.012307206661088064,-0.1980917024310361,-0.014155236020762938,-0.00785991686205387,-0.010857219227954549,-0.041030590628510756,-0.11451208525420672,-0.017202635569828126,-0.013164637160123702,-0.08884420170410653
2011-10-01,0.061518424870216096,0.010986632401505781,0.0751715198425076,0.15404634861112276,0.20417780652863926,0.012816183610281152,0.1954797524618208,0.018142649554294687,0.15649441700993472,0.09286698556411578,0.13081022996910474,0.0872542429595451
2011-11-01,-0.05579582510988875,0.0051125137153240985,0.030080737831764272,-0.10120270660583448,0.11473064537461179,0.01727807561631426,0.009912620643440374,-0.015966974726238946,0.027796828692039623,0.03842201775675228,-0.0017771646489114978,0.044066940978463566
2011-12-01,0.05965082184858696,0.022687527806854135,0.05997930652201845,0.07361503582023256,-0.12767685835327802,0.03313809825521609,-0.030046498053773896,0.04831209455947107,0.04602073984760026,0.01459673941622387,0.001971395184109615,0.07464550797092963
2012-01-01,0.127064901837974,0.004985959347123388,-0.01207982154873081,0.12175924802975098,0.017811267038755425,-0.055059728545046295,0.08679038256060474,-0.03491814338325042,0.05470733463470009,0.03314409470506171,0.08307921151233073,0.011270023344764088
2012-02-01,0.18824836019924518,-0.012655346162946494,0.03289682592973898,0.05952096376696681,0.1492321906567856,0.0811565892783689,0.015010622031892747,0.03444074222705396,0.07937199900425397,-0.03722112662159515,0.03772923827710096,0.010317525681738833
2012-03-01,0.10522901093573765,0.022420298700592135,0.008092269929401917,0.17170953164406444,0.11458243799174038,-0.006117697481426,0.06382916754486344,0.059350091173066874,0.04257510566917387,0.03582992780185633,0.004764154118981777,-0.0019525451931479262
2012-04-01,-0.02604478836565717,-0.01311325279530641,-0.004571748228595753,-0.06532136302343229,-0.11044015683488174,-0.05319201276746634,-0.046883449868421204,0.038689453877674626,-0.015378884628338155,-0.031050422621633503,0.03500811704514316,0.03259939252895748
2012-05-01,-0.010751870500763618,-0.041063718282255274,-0.08934806041008422,-0.2237121256881179,-0.10961834118336775,-0.012983466443327676,-0.1869606134775302,-0.02088317547361337,0.06026077464052873,0.11724772872055303,-0.03303474908404433,-0.09366979058903566
2012-06-01,0.010786368983807882,0.09264032641408335,0.09569212951365122,0.07776181081896258,0.06061107195606171,-0.016762639136732625,0.051372695605357475,0.04623311248613012,0.0609704881620314,0.0663734648969678,-0.18594278401171863,0.07357347991668292
2012-07-01,0.04573826561723894,0.02448730930851851,0.014874890303544953,0.00747307998397796,-0.12376503058229203,0.053630523310676206,-0.07113752996905263,0.04035318704944248,0.013112568368625744,0.06747243217094591,0.06337052818053392,-0.005332026912995046
2012-08-01,0.0891295193976698,-0.025930457705688883,0.005110543180492566,0.04019794538043001,0.0400457022273644,0.05001972309356465,0.2017667699605801,-0.0743283591290583,0.006644690261100627,-0.02465768736258186,0.042886165758643936,-0.0340309905814918
2012-09-01,0.007026590041317658,0.0311602922614259,0.05427005888985602,0.08985472716696151,0.026573171664949644,0.032221550961363574,0.0009731410059604517,0.014096295435589976,0.05672700631541604,0.021951979284986364,-0.021670240681009215,-0.019439461613758327
2012-10-01,-0.1076878064007262,0.027630052896780194,-0.003149280502844493,0.029556839764739745,-0.03936366266493743,-0.0018176528702789356,-0.10218131471738126,-0.013198297758847871,-0.06053128574197955,0.016443344937921406,-0.037280664475670605,0.011981747923864278
2012-11-01,-0.016927352663884225,-0.015453816767280519,-0.03329723361958158,-0.007178352034391647,0.20221309688687794,0.016740499566596186,0.11072886843766029,0.01984104282783939,0.010930966140027538,-0.040051846383057026,0.0666917664321497,0.054452023939314594
2012-12-01,-0.08661918071535477,0.014166798138473683,-0.011920900376119344,0.0703208154310209,0.0014490353260905575,-0.02781111153916957,0.046792436747032734,-0.037510255763712114,0.002588562304153079,-0.05265315071638352,0.05864954968946304,0.02074666387530047
2013-01-01,-0.14414325688811758,0.05443966717301717,0.03946096666580766,0.06999368362781543,0.1074158108597749,0.10703102082874903,0.046765343069717455,0.027255990216478166,0.09870874465361944,0.03084358964231936,0.0519499122877156,-0.01982604071536066
2013-02-01,-0.0310170826283228,0.029543138760081532,-0.004751385497757098,0.046804315359345386,-0.07153109574385962,0.02170489013060629,0.014015123677771036,0.03965922333598272,0.013094046735434807,0.011782378951310969,0.00750214773974457,0.04093486123875879
2013-03-01,0.008645473674741432,0.07972710832519735,0.012627755954670571,-0.029898451933728986,0.08780112783976167,0.0114975649787714,0.0018633879838674142,0.044366682609381355,0.04042941229084705,0.05716565362397462,0.08769688398248009,0.12350133816615892
2013-04-01,0.00023289993672020336,0.04534478716286599,-0.012466891652542396,0.03262134306492908,0.4248765994653056,-0.00380063126433789,0.0009194754813086004,0.05427575242138676,0.10630053232830167,0.045283845865371646,0.07774602188164875,0.06472672196947532
2013-05-01,0.015671640444511928,-0.012344906368598902,0.016606108318360027,0.12079401542124664,0.8106807457673316,0.007190848824494349,0.1622586461790719,-0.055304597502184236,0.003794275491474668,-0.03708101743452001,-0.03052824392786506,0.08322646538488983
2013-06-01,-0.11248208630322469,0.027599729837535517,0.005557189604217321,-0.032998162845838716,0.09817465674217359,0.002971366244551481,0.009095705750895427,0.002975721478345088,0.0010847450965750394,0.0012679109368583675,0.036193368528469064,0.039834246146861554
2013-07-01,0.14119997951087435,0.0889566360708512,0.03760663969324714,0.05566752134271276,0.2507201857981745,0.04296734804978837,0.05133111889761162,0.006133591517939534,0.023727853439333105,0.04629005163075235,-0.011959821902727858,0.02594104017218453
2013-08-01,0.07664142932300959,-0.0758451902207928,-0.07030990548882672,-0.08671188731293285,0.25854765287341946,-0.02276369802156803,-0.08270716842833832,-0.047421850729431454,-0.059104023664392775,-0.06365533125764207,-0.0016059626948347699,-0.011244072871797137
2013-09-01,-0.015032373813520504,0.010794817943274871,-0.006031536908070444,0.02295227103516485,0.14419688299020117,-0.029532260246326592,0.005143677969908568,-0.007861505290876912,0.0601635296543115,0.01957794324020391,0.16016022508235928,0.13581986822907988
2013-10-01,0.09635385484331657,0.06826124716477686,0.041581210503640255,-0.0029294968650065644,-0.17290841281669303,0.06823499316845791,-0.0371590167974877,0.05218402540662468,0.06354817943739274,0.037695776508216296,0.04292400482581069,0.11061091111002161
2013-11-01,0.06379572873054558,0.022090396742858582,0.04302530117600075,0.1183388941555162,-0.20424744403131392,0.051081217853623816,-0.05122913105952546,0.015622774340075715,0.02838415403812274,0.05545918787600498,0.04456862565226135,0.028689882102568804
2013-12-01,0.01473982610489282,-0.02572952668399215,0.08989770189263994,0.021967717338639052,0.18183004093726224,-0.033417961988425345,0.05547686669470902,0.03501540881041581,0.08302079869332162,-0.028691101432912376,-0.006369866835288903,0.02033770326786937
2014-01-01,-0.10770489567984018,-0.03407313883304817,-0.08933637819224502,-0.05335951763896494,0.205934522288193,-0.05884632584862646,-0.023191546100170022,-0.08449153773434656,-0.037882329327131405,-0.045443356349976295,-0.0707327429472959,-0.08228543221427184
2014-02-01,0.051182273926536626,0.04122123207543105,0.044560428201558366,0.03304960554532421,0.3494488245263079,0.03435535153681979,0.002542491826438953,0.010011771177070194,0.11289607349048625,0.0002321139275189843,0.0747750859061227,0.029183319971702648
2014-03-01,0.026034810545502628,0.07397597300482463,0.021809419379723603,0.06843869588240904,-0.1485467178512698,0.024640210338265488,0.02841704671072722,0.012018370680078737,-0.00918059522187751,0.023136051333033668,-0.053831807191706084,-0.02113893810755272
2014-04-01,0.09937978313981603,0.031134737118735205,0.048406907420711236,-0.07792810217386788,-0.002703173419001456,0.02417633923508094,0.03075958883880508,0.06343949057781088,-0.009133726617797164,0.04962639057512513,-0.012338030338588777,0.028113330154132136
2014-05-01,0.0726926917053808,0.001653316805797127,-0.018383129451895838,-0.001092589761264624,-0.000602255327544361,-0.013526097024678814,0.07441989093032404,0.0029164223471337004,0.058835707074139945,-0.03690843527325609,0.05425895630222384,0.048261827909757596
2014-06-01,0.03338527931556872,0.038315181767361754,0.00827548765419688,0.03687390784793592,0.15539560287741488,-0.02724807426325255,0.009325621313158108,0.03542707133580097,0.020576086635340433,-0.016106639138933905,0.011487718857798692,-0.05403576051978449
2014-07-01,0.02871627979824598,-0.04331478589119864,-0.017297739314337757,0.0008526972857233457,-0.06983082596391865,-0.016174602325804144,0.015276226402093694,-0.065513482303164,0.0016179614093912982,-0.019862950526259304,-0.005430823369483641,-0.053068506134756444
2014-08-01,0.07216074839288045,0.03635221942179456,0.0052407097379013595,0.03805674434524431,0.20777712958691474,0.08345537448509022,-0.001966275605354674,0.06183304661969602,0.04656124954245089,0.026078867619171997,0.01839561388721289,0.052441862369931536
2014-09-01,-0.012194854355682419,0.034511236770763884,-0.04781735887106682,0.013277689357522868,-0.10019617925213826,0.00756947834341197,0.007192142911065999,0.022519907363778777,-0.009467578660928025,0.01950977237494604,0.13900057242697697,0.010646988408947997
2014-10-01,0.07195770073463696,0.01116180702938745,0.02828024636378117,0.00398155566795715,-0.004040800546773203,0.042151549261282444,-0.020404013648501928,-0.011134631150525553,0.026393015038912827,-0.0026181880622857074,0.04226170541342016,-0.01939332709148307
2014-11-01,0.10119946191702069,0.004356627350226251,-0.06380314357829163,0.001406645566837795,0.01166317293828324,0.04415300261441947,0.12954188234330832,0.07043549160598019,0.0123617852791862,0.14776040135669954,0.06797489661362889,0.0756503231662722
2014-12-01,-0.06789719134150078,-0.027734824752471167,0.02843716498532852,0.0401954456821085,-0.09045282956076521,0.0072675165860842305,0.006481898229794245,-0.051741226541119935,0.01812931628672062,-0.018993347801639228,-0.03165542974639727,-0.02698518636722106
2015-01-01,0.061419807292739895,-0.042368086549301784,-0.054411852002520175,-0.13103650373937714,-0.0845777461277195,-0.07465527331319886,-0.0521251778459486,-0.0248738216679255,-0.022022342647858174,-0.0049560566415968055,-0.03780697169319923,0.11839859207315696
2015-02-01,0.09644297544470695,0.023660155624517096,0.012804803247772585,0.13412714256470107,-0.0012836581747614742,0.017141947582595827,0.12676357306733935,0.051730351468491725,0.14423252378920284,-0.012362256978391077,0.05278446322074018,0.03769059627380347
2015-03-01,-0.027569900822171808,-0.011783591426179681,-0.032776828262368385,-0.011443921213586946,-0.07167416525621073,-0.03749280695970758,-0.06711659461521047,-0.06353158700964145,0.007761496785536839,-0.020037673438175304,0.0360276051554731,0.0010281321920522254
2015-04-01,0.005782420509909304,-0.013920503494804769,0.02787860525598008,0.04423478555410788,0.19748476556884964,-0.029659677124581497,0.05523125845545131,0.008542420862269985,0.036510387626711896,-0.04536861318672601,-0.014855434524952848,-0.04491367352934715
2015-05-01,0.04098816918976283,0.009473190217124495,-0.024839612954224276,0.04674488318352126,0.10948652799889495,-0.006159014757148816,0.016647060287774785,0.009859292103058182,0.015174120507022094,-0.04843285388285396,0.028629765167110733,-0.019675931405260538
2015-06-01,-0.033214279243696444,-0.019673983970776663,-0.015405500731988184,0.030091944548243512,0.06960898201650403,-0.001921867640600626,-0.06312696332979092,-0.04224477188118445,0.034149690880637816,-0.038951880461148704,0.06534930694078625,-0.0064916640793834844
2015-07-01,-0.032974904555070926,0.028168576778182946,-0.048005110372477254,0.011315253666875674,-0.00791385310095329,-0.01973126485019396,0.03491182337342134,0.0557487645157144,0.051291821850990106,0.014754770840515557,0.066606015456782,0.03923963023486674
2015-08-01,-0.07040675802684344,-0.062171971923663145,-0.050122476879790274,-0.05853236062937845,-0.06421443090075647,-0.07107559849096774,-0.08235867629197675,-0.0428457335723152,-0.14606467114206628,-0.10072467429598049,-0.03011892671275491,-0.09357271418321252
2015-09-01,-0.017392585036188447,0.0008910739398866448,-0.0025869520685272034,-0.04883412713904188,-0.002654168194382344,0.01796668231188737,0.01429265474112863,0.020341576601580213,0.0031368622144754116,0.008535094940773659,0.10039875562630975,0.008455037718122073
2015-10-01,0.08335218676829259,0.08221409781289812,0.11278780865088212,0.05374052743489799,-0.16700513565960817,0.06166127446246106,0.09899064407143576,0.06467180034758735,0.11285906399116208,-0.1172683452177875,0.06818967714016655,0.1306807647036473
2015-11-01,-0.010183648804782109,0.0019370121376539136,-0.013194307964945296,0.04516762498027755,0.11260183154880228,-0.011497462226347777,-0.047983571176676336,0.006233919728910141,-0.002515398327314779,0.02781082332331126,0.00939790569517036,-0.017836119215356706
2015-12-01,-0.1065427483463485,0.021974615374804243,-0.03723451713709938,-0.009871683375422245,0.042220140874526496,0.060940189075642776,-0.0034260935215037237,0.015584259909062394,-0.07406366927698874,0.04168475522839862,-0.05515798530540164,0.00011018073641863246
2016-01-01,-0.07549219686683536,0.016494836096618424,-0.001532863652435849,-0.09914428641478976,-0.20361655638082074,0.028461860407465598,-0.12432936754065846,-0.001181255079575642,-0.082527821500294,0.09136233725775725,-0.005684991537285937,-0.16941810030340596
2016-02-01,-0.0069345122440225134,0.007115858272112933,0.02928761045403451,-0.04769088319888025,0.0035612726216336524,-0.00882795319680439,0.10878074497502467,0.0046360044118245606,-0.003387793360822274,-0.0005578426246914811,-0.007029691693024794,-0.016488939570842173
2016-03-01,0.13316673999667897,0.03571140189729929,0.05222384258071557,0.05170470641159077,0.1969944067160612,0.024997802192629166,0.08731039056589386,0.07542503024851578,0.039516859863612884,0.032247938926468066,-0.0021091795419539805,0.08390311670804064
2016-04-01,-0.1400820569744858,0.035698994520787085,0.05738219620070086,0.06704616514011198,0.04766962605532112,-0.026767359980184296,-0.034582983008181724,-0.02690407801923032,0.03961357402539558,-0.016586163910711643,-0.03884705548454224,0.06175837568625322
2016-05-01,0.06505116578887805,0.005206882656027994,0.006777862746194646,0.0401633411841328,-0.07304694164419111,0.0195324565488534,0.06617600097121569,-0.004700254496290396,-0.03936030024486557,0.05823577776057566,-0.06335094760655567,-0.06440510082147165
2016-06-01,-0.037037717849097165,0.08388247431968231,0.06166512185735572,-0.048161429491162436,-0.049259182705036944,0.04458609548025959,-0.012598792650665228,0.016160918704158797,-0.014316726283468487,0.03899435502001457,-0.0005686837093738095,0.03767942103328058
2016-07-01,0.08986281469950898,0.03219922227648454,-0.051299011852102935,0.029249819465902452,0.10583918690684037,0.010665667873862264,0.06393380120135474,-0.0303213403245378,-0.019316872173886654,-0.0008847164650026418,0.008171797072654155,0.0289829048076541
2016-08-01,0.01786976722363596,-0.0473004172912024,-0.020615047307149824,0.06312961677473226,-0.09728957123318228,0.027823028972423815,0.03892181027512596,-0.004850617838820589,-0.008644104420352036,-0.021234301948362976,0.038292062799443284,-0.03176467963257725
2016-09-01,0.07105954051205772,-0.0037521600049066823,0.009931330513271506,-0.013698270167395934,-0.03785637195216523,0.027729637210518195,0.008689115623635677,-0.025775500477464956,-0.017155165918405872,0.016212831471000562,-0.08678860654650326,0.025907644968769357
2016-10-01,0.0040886828020189996,-0.018361530166277968,-0.045616891890463494,0.039850370958542915,-0.031123650480985105,-0.03311437882083814,-0.033032876411649,0.00983015094192628,-0.002076253909521504,-0.029364537682828557,-0.044506593819062766,0.08089859228947625
2016-11-01,-0.026988476809185195,-0.04082413423373293,0.047377637256577905,0.16554653979669126,-0.042518139182592334,-0.04305583450518718,-0.02038828905922479,-0.048738918493590515,0.06898093192233551,0.005465996685842972,-0.002582062389732404,0.056690735900780394
2016-12-01,0.0529352433562891,0.04188305362485403,0.04266075900261715,0.07593784053157207,0.1278470872489901,0.019245890262425985,0.013013813137868117,0.03579547384297646,0.051052757957616574,-0.019000380602013783,0.014779025191259646,0.04154669185745011
2017-01-01,0.04732986683522206,-0.01742911712522326,-0.07099053789618363,-0.01965350829959449,0.17853416307549314,0.041448005513729465,0.016128663773807683,0.002236817799242295,0.06946195485791391,-0.02793848493217115,0.04406220169226522,0.0493009026449281
2017-02-01,0.1284477739397201,0.07868128595637637,-0.031070871958054008,0.07626730387266557,-0.008136394523767337,0.04741524108730746,0.12174828703031838,0.008946121356397291,-0.005496916873160545,0.06234482379846542,0.08009329861788796,0.10242776467692184
2017-03-01,0.0526211087217419,0.02527608045062495,0.01709162329039753,-0.031292496643798365,0.1126295022876596,-0.014011190034994025,-0.011732984142252278,0.010824135932996849,0.0293606051054383,0.015598236379646791,-0.02563266140885696,-0.010872144509261949
2017-04-01,-0.0007196581372968281,-0.009321297586432773,-0.0050400174148412,-0.01021295758401267,0.1278803512316294,-0.02869658180586324,0.007338266456103106,0.025053730899814077,0.018840181206766084,0.05002683255632387,-0.003293945272350305,0.044413718605679525
2017-05-01,0.06262634340214981,0.037922283712403713,-0.014875917623852519,-0.051113404038594636,0.08498536794718872,0.015634522591360688,-0.06728209251214398,0.0529740926814656,-0.06705456275459307,0.04469955545378803,-0.044465935054484686,0.014357569167493001
2017-06-01,-0.05414998823683633,0.03751362562039177,0.011499876080634111,0.11177143717627629,0.05958127201603084,-0.01149824556609876,-0.008122268490963166,-0.014462816666192277,-0.01648437927463838,-0.031534506273420436,0.11259002419577217,0.06117671041214116
2017-07-01,0.03182658148127266,0.0023730464261880286,-0.00942458866270839,0.003498954319577206,-0.1063502025293757,0.04123398280209673,0.003914974486272825,0.029607561166042528,0.033757660116450934,0.05607284264444241,0.0033813207035165533,0.2252161279950336
2017-08-01,0.10185447174656097,-0.003452176823007312,-0.04716691977960669,-0.005281851921879309,0.09944162263430904,0.023121112857602922,0.03291859144426528,-0.00714157503884678,-0.07338079146936057,-0.02481793605689282,-0.10648817294555309,-0.012363388342663883
2017-09-01,-0.05741025636950588,-0.012437867753774824,0.08357418318973424,0.049973940458765506,-0.042441420909332186,-0.014837326128405227,0.04322938910691458,-0.012711601725029898,-0.026844675533428355,0.006335568643053001,-0.015661138928648136,0.06618092088285181
2017-10-01,0.09587137278242505,0.0713666311024462,0.015775753702205707,0.0524616672405139,-0.028992143587984888,-0.05193615067038452,0.014526369736736898,0.028742935308690397,-0.008646253207668243,0.1164176110645517,0.05962347213435323,0.013894318924091952
2017-11-01,0.015591815800909688,-0.0016054882359694477,-0.0017515909697517972,0.04390387548059677,-0.06944172819775446,0.04905349596203241,0.10064664537646034,-0.005598410352543874,0.07063796927238536,0.11258648307379643,0.09771365322071551,0.07191949908205358
2017-12-01,-0.012835074475644354,0.007810879053010706,0.012366762422664884,0.022024543496847356,0.0069653466563735006,0.019873100952250373,0.02568053674491933,0.009492162373797136,0.024533937961708892,0.014503954720044515,0.03412392592947678,0.07002488458221623
2018-01-01,-0.011828140877899889,-0.012142198174019108,0.042567626562125496,0.0804426846108219,0.13678811756392514,-0.061487638505627704,0.08340381067304099,0.036079481223736345,0.017729244377139703,0.0839909554414446,0.09307792409937728,0.20042912041821778
2018-02-01,0.062499593495412745,-0.06148298998931327,-0.1337655246777281,0.0023838367108555848,-0.03310018929712137,-0.08498757615821854,0.08468915323313338,-0.09317431645290312,-0.05205223220149806,-0.15697659719413917,-0.018791716258001398,0.020775440492123057
2018-03-01,-0.055602020600129344,-0.008393718956585508,-0.006237879697276664,-0.04927065373204679,-0.22563812325237145,0.008287501617392742,-0.04359801701012437,0.0034672380205587787,-0.02775843385839231,-0.012946002281831773,-0.010193497511282215,-0.09170244885790028
2018-04-01,-0.016488629344841372,-0.014422643134677966,0.04061630808043097,-0.012290371621073343,0.10287823780532394,-0.08900687259459357,0.031172811561744045,0.0022480047048172684,-0.002564395523761049,-0.001273673616641397,0.030993800368142515,0.015854171197693428
2018-05-01,0.12920502131609607,-0.05587092874730231,0.04332905117922665,-0.01284087235010039,-0.03275935267535051,0.019274741354745002,-0.029480287938073384,-0.006418698187502674,-0.01013013214613994,-0.06848127750700467,0.04830295356268028,0.05420376194227645
2018-06-01,-0.007165225082728006,0.020335466600765777,0.02709609054600313,-0.027825846845213737,0.20290769461115696,0.06526398782427888,0.0059258030434561175,0.01843367308958375,0.05211788130655302,0.04264945002114404,0.10818257390070006,-0.04409368264308002
2018-07-01,0.026329363546432165,0.0904834005951221,-0.016400859377024242,0.10151239332266253,-0.13231461459324428,0.03447185550788894,-0.018851515217104105,0.0709696311875712,0.08183023106940017,0.040143954112221096,-0.0337217821350549,0.06031122970704544
2018-08-01,0.19451402286999514,0.014662661554502302,-0.018152306367883838,0.0004856463735501452,0.010094042046720878,0.03318900921150287,0.13667305276122704,-0.045890124536757164,-0.00734436237545227,0.07258979801078796,0.0670690333904001,-0.03962995239951877
2018-09-01,-0.006616378270201246,0.030881818218857254,0.06964266734411594,-0.01697773919951397,-0.12408166878620465,0.0015837271568461644,0.016629762399841912,0.03455575556486765,0.042129128110169424,-0.016444119582490608,0.03140377014491145,0.0884898584876077
2018-10-01,-0.03237596385614938,0.011273768194729694,-0.0647066201979749,-0.03575151918963104,0.27211315647795,0.0635830708263152,-0.061507816402890936,0.04350691683967023,-0.01994175011746091,0.06593282910821929,-0.11615686632288358,-0.04771724948876954
2018-11-01,-0.18596790586126258,0.04743717714857396,-0.004182478734033452,0.025123569854715627,0.037090036099333125,0.07323581095190866,0.05148999561267529,0.05070849501657702,0.003824267397323871,-0.028150012402928377,-0.0008577769036830672,-0.024749056594596936
2018-12-01,-0.11553316024029803,-0.11783341336523045,-0.13548558128490906,-0.12395996629870265,-0.052361787198377245,-0.029321244557574896,-0.09675726722850364,-0.05500349220905542,-0.052483820383711126,-0.04799973208179752,-0.012032603826668705,-0.067583947442174
2019-01-01,0.053204264152835655,0.029278088549922438,0.07269413626802647,0.05828354760710754,-0.07941391626487258,0.047549432246098554,0.089441642141342,0.014522817506193792,0.02299318950775688,0.03243508825441468,0.10244706488373857,0.193770908345025
2019-02-01,0.038329002104343236,0.024765275177543376,0.07648030968909361,0.01451189668350542,0.03990063403594294,0.02765535928847188,0.10122563165252266,-0.05995367205926757,0.009850657025377163,0.03098904033771824,0.04503418589243683,0.1389301704165056
2019-03-01,0.09979038226624497,0.027898173071652144,0.03180734573918302,-0.031932469694746904,-0.12704938580126174,0.05386910981524466,0.04094180834720777,0.031584603689706545,-0.01798028027332361,-0.01668896032233076,-0.019670077975141597,-0.1306421791655294
2019-04-01,0.054462596265278884,0.008113090321365925,-0.008408973095140602,0.14442611327818938,-0.14908257156156873,0.02138086614752827,0.034329442606137295,0.054114604032229285,0.23165711072304912,0.058145089350977786,0.04369788183845963,-0.011752664880913475
2019-05-01,-0.1294833443282212,-0.07308639283068355,-0.12037120776910706,-0.08186967133255232,-0.22617665565093628,-0.02861562839070333,-0.06608528906566016,-0.00048389326276767914,-0.03790428573402385,-0.015524088742813438,-0.12362335759122403,-0.09743892687505043
2019-06-01,0.13317682592226876,0.06756108927374238,0.09351908891211869,0.05341923400629667,0.2051522961217913,0.06379863814391795,0.05019727884365377,0.034737903143625015,0.05586267192157979,0.09330562548681898,0.08961428272340499,0.06999778637863674
2019-07-01,0.07470287456830896,-0.06674063265765393,-0.03131445846633516,0.035875308045184594,0.07953086310017612,0.07482438533926697,0.010549926335808223,0.039959019240325876,0.02244179314668606,-0.0026874267737205595,0.023085210065548777,-0.0644097177328786
2019-08-01,-0.021794833532038455,-0.0158941909572263,-0.08068547027354198,-0.0478367977535645,-0.06783319925874118,0.023538530481627712,-0.1513322221684776,0.044180569743488635,-0.03587396699265408,0.03354071630147329,-0.019395575187339448,0.0655384879268949
2019-09-01,0.07556330892584347,0.014024098543864284,0.042449573797879905,0.06979757047354547,0.06616388948600867,0.033041970725560324,0.054068404244491955,-0.01237619500507585,-0.05203585958200556,0.04232116055731845,0.11287549290387829,0.05003461692511964
2019-10-01,0.10943605822332693,0.01931115792970496,-0.04430188726052718,0.06018435530553058,0.3061788876616294,-0.00020296355103253862,-0.039702180126084494,0.005877945130291288,-0.0043178447943151696,-0.013213100757403326,-0.0477770059073601,-0.10785327316940595
2019-11-01,0.07304525614881872,0.039992219542467,0.0070042610481940585,0.06192099852464793,0.046411313827457654,-0.014698623771752586,-0.04036589154235261,-0.020206718518702163,0.16543473612214032,0.014322952071165282,0.042714241212833945,0.0760018142172768
2019-12-01,0.1008290423782701,0.06704629247837372,0.035316255866923815,0.05672991428983236,0.26664298670015346,0.022013042443272113,0.057232071869417075,0.04300499472648216,-0.04710448227786275,-0.003353240885125186,0.08521882331617929,-0.10644531059852742
2020-01-01,0.05275104013668142,0.019307546364809695,-0.11103172989101096,-0.05176043601168955,0.553901524018083,-0.003499923784818777,-0.04275138970955116,0.05384537148945057,-0.03922665990630913,-0.033540929724899964,-0.05071055873096641,-0.024250840419192007
2020-02-01,-0.1178227098180581,-0.09768637391105063,-0.1729503940663082,-0.11816459643063916,0.025751468854644178,-0.08702467849535868,-0.12602975973827435,-0.08510020736206038,-0.15039960311178568,-0.060506493245061646,-0.07288381193930628,-0.13663312040263031
2020-03-01,-0.06757836017570822,-0.01871781612239025,-0.25128635774813407,-0.2246395831471483,-0.2155820713678727,-0.028550962460529836,-0.015551891649633482,-0.17276763413518884,-0.17894558694395338,0.05513867844515137,-0.07174624273921464,-0.4546891594926324
2020-04-01,0.15529857525977497,0.14413285851657054,0.22378599582132275,0.06357072101674786,0.49206231948504076,0.07147037373571728,0.07802199524372432,0.046082479213435654,0.11949031385567875,0.07445280873099068,0.0535870381545832,-0.05452045494745096
2020-05-01,0.08205822962715306,-0.008704255515903007,-0.021625991240344557,0.026639207527311224,0.06783220166610063,-0.010091694444279568,0.138954088611023,0.017108560958535555,0.08449806267003382,0.020543144331503647,0.1306576194030589,0.03414380620247551
2020-06-01,0.1503796332710481,-0.048147080401176066,0.0024629276769554754,-0.03351129430479923,0.29307313282261155,0.03137466451244023,-0.0247884875479197,-0.042957533904348165,-0.04947310994196349,-0.030364810806016128,-0.003007761624387948,0.2566581231085819
2020-07-01,0.16506251869496047,0.03640942433151505,-0.05910337203504103,0.027360246184607515,0.32494171773411906,0.0965270395313985,0.009793417321803374,0.06683247249391898,0.04862602150033034,0.08024482943653442,-0.00455695247353395,-0.13809427648693973
2020-08-01,0.21430059022818465,0.05240452997524908,-0.050934689904305,0.04675768828654986,0.7413729586130384,0.06156616412214161,-0.09662713145506024,0.04839679459624063,0.12759306652050534,0.07295014049254539,0.1462173812701461,0.0873892341205213
2020-09-01,-0.10097898209888198,-0.023140264097258414,-0.12357462997273203,-0.03919648342701095,-0.13915824743334945,0.004700237968812837,-0.06710058004275574,-0.003301265656848152,-0.0591440989665681,0.011705807203859641,0.12440965230969117,-0.03825039646844771
2020-10-01,-0.0600812400342219,-0.07912622390895253,-0.04987994795992946,0.01831641180496689,-0.09556807798009438,-0.013667150703329481,-0.08867011007609783,-0.01872345232817975,-0.02287707510871441,-0.008360251976170532,-0.04356131132810605,-0.12635499391137928
2020-11-01,0.09354404405124463,0.0551484440792186,0.16885242201944084,0.21346134840339015,0.46267330214507985,0.0184718804961227,0.20931881396284358,0.07359527255059363,0.22063844898986262,0.10112678304007029,0.12168985606357254,0.45924913933930134
2020-12-01,0.1164424336495211,0.09528473686999249,0.10706603914503086,0.07790634550162377,0.2431981136250856,0.0018901596317783978,0.04015976214903881,0.07106991952660378,0.22405220788700064,-0.05660251579966548,0.050205466783053584,0.01584441782578371
2021-01-01,-0.0055415640805979586,0.03649555803326561,0.08778143455880623,0.012551551027932218,0.12446585757402058,-0.07859402328529135,-0.0038389841970233748,-0.12203140046762821,-0.0718468916176122,-0.021867461423780862,-0.05384111488367731,-0.09286441999385235
2021-02-01,-0.08111441847785758,-0.028656511354122477,0.21250432833145008,0.1519867313031598,-0.14876961716072998,-0.03072004721231067,0.01463895988879818,0.017416422977412777,0.1240713526917401,-0.07526595376329201,0.008878908220119745,0.09173658770466078
2021-03-01,0.008834139926335013,0.04362702078878926,0.04428043898826921,0.03437112349396369,-0.011217402794398049,0.09632192338258964,0.15242919303115812,0.07592299771948667,-0.023920959252190246,0.04547887179305947,-0.012029335416056733,0.20144196521594762
2021-04-01,0.07621543309630689,-0.00985961756061866,0.025252692803728816,0.010376655895107213,0.062144747719195585,-0.014843996937734926,-0.01547322764529475,0.03261529900225673,0.008126581472289441,0.03433532850966719,-0.002034348931452555,-0.08012971248548746
2021-05-01,-0.05211397378882973,0.04005965370996181,0.01973478584340563,0.07409309141395773,-0.11872002190815609,0.017177662139891834,0.04653125130184191,0.02426187193737975,-0.039626036516831026,0.015145968508961246,0.028948604593481506,0.05423773965925041
2021-06-01,0.10094261823644667,-0.02060752568952297,0.0964023183267123,-0.05300447814746169,0.08710401385651277,0.0005600669677395646,0.0018569196977907658,-0.021375302655984325,-0.016154200058311714,-0.0032449913261451023,0.1343777042572943,-0.030233343796675433
2021-07-01,0.06494945048122124,0.045250231437821906,-0.08738267654338229,-0.024207317868965034,0.011000946546290675,0.05406867407268577,0.044683835008521564,0.06187232507134431,0.0013889738827822355,0.010816038272129276,0.08424400016698162,-0.05463344171610697
2021-08-01,0.04089640470936749,0.005367381418667533,-0.05301244684471863,0.05986733507987117,0.07057205046648117,0.007388112136528996,0.07331833819519994,-0.012658210995333057,0.029963211606590084,0.03890020244336766,-0.016569716631263737,-0.030852813459814072
2021-09-01,-0.06666374605912871,-0.06165516149872383,0.095176342244103,0.023359116571114245,0.054018998169540054,-0.018212769592871637,-0.0777935367488448,-0.06821737689242167,-0.06692901693162111,-0.05543918995093464,-0.11699787358526535,0.0019812335971822956
2021-10-01,0.05861732984166486,0.008504913263050874,0.09601580039291908,0.03783644292384743,0.4364895957287343,0.022778235947375006,0.028253236264572726,0.08239654361314737,-0.0006310640937747121,0.07199320058912802,0.15185719131557868,-0.05873784267927877
2021-11-01,0.10343117857465407,-0.042709532362500455,-0.07185650223062483,-0.0595074750867715,0.02757218887343134,0.017347805927504137,-0.013610312072635787,-0.06958060751516586,-0.1429986507476047,-0.05886733888499411,0.011616400619459523,-0.044381364681354715
2021-12-01,0.07576888924247913,0.10425349383851609,0.036275316757390465,-0.0030492994945792383,-0.07688201947835963,0.1313877121551784,0.15551589468974023,0.13761144755054486,0.06891667387119868,0.028842473125462932,-0.015212927858416459,0.017511044926387866
2022-01-01,-0.015856231101423222,0.006987397721772905,0.24123504329782627,-0.06171676527941752,-0.11375348483994598,-0.019278479670643466,-0.12165286550637223,0.030256144734419156,-0.077102072618928,-0.02998075533670843,-0.11014510361201214,-0.005508769242581611
2022-02-01,-0.05550951513083149,-0.045048326608298515,0.03214528530416836,-0.0402803161377834,-0.07100815865293134,-0.023414113777671688,0.007459629643607112,0.01992061371157747,0.03815976127258167,-0.03349942122014706,-0.07804097558581405,0.025229390266119565
2022-03-01,0.058409762332414746,0.08342982630405654,0.06444005013290727,-0.0390571379364441,0.23759797599882632,-0.020232629676621147,-0.0005901305878859805,-0.004266861703865529,-0.07652562441104332,0.10139436117290695,-0.014984418903546345,-0.06781122577923099
2022-04-01,-0.09780424353570999,0.01755169820253638,0.03153381226049873,-0.12508650573909358,-0.19261844317842497,0.05004652153618788,-0.12226596188094646,0.04940045331146564,-0.18680631542830278,0.030630317534228013,-0.07183461026292076,-0.22344097650095213
2022-05-01,-0.05674157771898103,-0.006011837699809062,0.12524148916399336,0.115178345996796,-0.13005581904735286,-0.07460706959957508,-0.07479659066346633,-0.019895615088530216,-0.01151852751111859,-0.1600845137183533,-0.047770830544279,-0.11803115560528521
2022-06-01,-0.08141329676400935,-0.00623125726545296,-0.1001123123595267,-0.14971104096293866,-0.11322107457623823,-0.02899084514989284,-0.054829353330326604,-0.008748857471502369,-0.14657059136686804,-0.052705942181674494,-0.1414259034911283,0.03915378667216004
2022-07-01,0.1867185496014841,-0.018759059860532327,0.12991612077457232,0.02250552025144021,0.3218502642597572,-0.0358533910291065,0.062109340759426486,0.025483133564254308,0.12202569868629626,0.0842012027894517,0.12533289291918442,0.16331317528608286
2022-08-01,-0.03493505026897089,-0.0779047281447662,-0.01620772569566805,-0.007792438236130926,-0.07487200559105076,-0.0029197222177839923,-0.007838441332942835,-0.04071900190232166,0.05397852994190525,0.001403097380970365,-0.07608696340211848,0.003517127841348534
2022-09-01,-0.12240596687582263,0.016673157226343754,-0.08039534457958077,-0.08380718910237563,-0.04023929617038359,-0.08739693948151085,-0.10819565353341888,-0.09485538123105643,-0.1610189849599282,-0.019889772752010555,-0.22181385464177608,-0.24708056585248164
2022-10-01,0.10623894180726405,0.061636137060846294,0.26584340482373064,0.20128081512671384,-0.1454802914902432,0.06338048772745801,0.1324376016633564,0.07284498347056205,0.126126723146095,0.0940660301144292,0.11490477299856576,0.17367785646948145
2022-11-01,-0.03817325443184542,0.01962064843603858,0.00123878944661412,0.10398917048156295,-0.14787042695342126,0.11191284531916754,0.10105270385798001,0.05927977647539092,-0.08492205492323548,0.06734743414311059,0.1799904856666987,0.2516660768510572
2022-12-01,-0.12436627766222325,-0.004728739234344852,-0.004915636418987561,-0.03307669023483611,-0.3708843492615201,0.01253996211963166,-0.0453842397735244,0.003542186551863287,-0.11584179440763681,-0.07329143199485216,0.06318345415303278,0.06135384760353075
2023-01-01,0.10671265387290158,-0.07870210983029752,0.047959453780954286,0.03989037204976259,0.4024264513227252,-0.06437844632812634,0.01781197478802993,-0.039809040862641976,0.24492548391826335,0.014686354478195943,0.08772942762229069,0.1143605670313313
2023-02-01,0.017698067993717807,-0.06609596519864797,-0.05650664449531024,0.027861856477012163,0.1836399766695323,-0.03171543883690504,-0.0011127039963136406,-0.033442280725596026,-0.08577585002434246,-0.016019373855957482,-0.07099479309177675,-0.05768085424888864
2023-03-01,0.11653581876338462,0.014806466962697419,0.0015820352580643636,-0.09478706831347625,0.004686288033372156,0.07708945106632573,0.07589831704493691,0.038524950479139765,0.0013994700289083127,0.03360982222623791,0.028589234709354074,0.05016075660900158
2023-04-01,0.0248848178160113,0.05202648123251534,0.07505113927314615,0.05675236350379391,-0.2120944393350129,0.0476158340320139,-0.1003151519148024,0.03800718264721596,0.019566814226559964,0.023966485586775204,0.03211184823269035,-0.03069946872522907
2023-05-01,0.040240021372267086,-0.05715274696351972,-0.14092892567469487,-0.014970255582030946,0.23675621256182963,-0.08742634713916579,0.054739718464078733,-0.07436555573894858,-0.14622700526748425,-0.03153107134737924,-0.17372312252654867,-0.009596284597522965
2023-06-01,0.09154952143679364,0.07121743531794668,0.05443193534582803,0.06740260507447117,0.2793325603277905,0.060547902714355624,0.03738098436307947,0.005092459506437228,0.010712588112293817,0.0699692657513269,0.044252425459607066,0.022249376433948427
2023-07-01,0.008412125177213757,0.007770356822138078,-0.004466439825466941,0.08171027361151846,0.017248716053666034,0.02567807628784654,0.0014249778466243956,0.03185467798916971,-0.008741588024388326,0.01267730918922557,-0.0008999278498540786,0.12675946613472752
2023-08-01,-0.048090255230186195,-0.03933414255351122,0.03241821146825361,-0.07167917866086518,-0.03937744373530696,-0.010733297432561819,0.10597865213983046,-0.03832425318049606,-0.06302677343263477,0.01278748940141081,-0.08304533999372701,-0.06646233898856338
2023-09-01,-0.09186427763977802,-0.03409994703834386,0.06172110500256177,-0.013369140196520374,-0.03487228431054902,-0.05936021357632594,-0.06701477128226842,-0.06876570193053567,-0.035845849542441646,-0.017401488489579803,-0.06429270976423153,-0.1488169983873923
2023-10-01,-0.007003320976190562,-0.052009615429377716,-0.10419520433301895,-0.04553090949794953,-0.20177968725270606,0.02415578657105415,-0.03475316450708483,0.01268312404446752,0.002229108453335617,0.017326151505600174,0.07394659616854342,-0.029788015953772517
2023-11-01,0.10794974165061923,0.03823986945153714,-0.033746221840968524,0.12630992402583563,0.19101443747615465,0.025355473258772642,-0.06959785905482561,0.03015440597305453,0.13168116738461033,-0.05160810580075391,0.06861359850989947,0.2354915240065174
2023-12-01,0.010601240048506367,0.017248061569566365,-0.022281839544912373,0.08550918556460495,0.03067164500761931,-0.04978318138090411,0.03991646659530611,0.012097360940951696,-0.030209418762839346,0.008272404521327038,-0.019733471236886745,0.12101251435683157
